{
  "images" : [
    {
      "idiom" : "universal",
      "filename" : "７８６７８６７８６７８６４５６４５６７８９７８９.jpeg",
      "scale" : "1x"
    },
    {
      "idiom" : "universal",
      "filename" : "７８６７８６７８６７８６４５６４５６７８９７８９-1.jpeg",
      "scale" : "2x"
    },
    {
      "idiom" : "universal",
      "filename" : "７８６７８６７８６７８６４５６４５６７８９７８９-2.jpeg",
      "scale" : "3x"
    }
  ],
  "info" : {
    "version" : 1,
    "author" : "xcode"
  }
}