{
  "images" : [
    {
      "idiom" : "universal",
      "filename" : "４５６７８９７８６５４６４７８７６７８８７.jpeg",
      "scale" : "1x"
    },
    {
      "idiom" : "universal",
      "filename" : "４５６７８９７８６５４６４７８７６７８８７-1.jpeg",
      "scale" : "2x"
    },
    {
      "idiom" : "universal",
      "filename" : "４５６７８９７８６５４６４７８７６７８８７-2.jpeg",
      "scale" : "3x"
    }
  ],
  "info" : {
    "version" : 1,
    "author" : "xcode"
  }
}